{"betset_prompt_title":"Betting Settings","betset_prompt_size":"Bet Size","betset_prompt_multiple":"Betting Multiples","betset_prompt_line":"Betting Line","betset_prompt_total":"Total Betting Amount","betset_btn_max":"Maximum Bet","betset_btn_confirm":"Confirm","auto_prompt_title":"Automatic Rotation","auto_prompt_number":"Number of Automatic Rotations","auto_btn_start":"Begin automatic rotation","paytable_prompt_title":"Compensation Table","rules_prompt_title":"Game Rules","history_prompt_title":"Historical Records","history_prompt_time":"Time","history_prompt_number":"Transaction Number","history_prompt_bet":"Betting","history_prompt_profit":"Profit","history_prompt_today":"Today","history_prompt_week":"A week","history_prompt_records":"Record strip","history_prompt_datetitle":"Select Date Range","history_prompt_balance":"Balance","history_prompt_winState":"Award Situation","history_prompt_spintitle":"Ordinary Rotation","history_prompt_freeSpins":" Roar to Wealth Mode  Rotate Again ","history_prompt_notWin":" No Winning Combination ","common_prompt_title_sys":"System Prompt","common_prompt_title":"Hint","common_prompt_ok":"Confirm","common_prompt_cancel":"Cancellation","common_prompt_reload":"Reload","common_notify_rapidOpen":"The turbo rotation has been activated.","common_notify_rapidClose":"The turbo rotation has been turned off.","network_http_error":"Network request error  Error code   key ","network_websocket_reconnect":"The network is busy, retrying...","network_websocket_error":"Network transmission error  Error code   key ","init_load_res":"Loading resource    key   ","init_btn_start":"START","menu_btn_sound":"Voice","menu_btn_paytable":"Odds Chart","menu_btn_rule":"Rules","menu_btn_history":"Historical Records","menu_btn_close":"Close","game_trade_error_title":"Transaction failed","game_trade_error_content_1":"The amount is not enough, please check your amount ","tip_info_bet":"bet","tip_info_unlock":"unlock"}